,id,username,tweet_text,retweets,location,created_at
0,1323649133710770176,JoeBiden,"Voting is your right. If you have questions, reach out to the Voter Assistance Hotline at 1-833-336-8683. https://t.co/CkLIJGOKt6",3108,"Wilmington, DE",2020-11-03 15:32:00
1,1323635543666667520,JoeBiden,"As you head to the polls today, here are a few things to keep in mind. https://t.co/BYdQDLHCLx",5265,"Wilmington, DE",2020-11-03 14:38:00
2,1323626012400377859,JoeBiden,"We can overcome these crises.

We can take our country back.

We can win the battle for the soul of the nation.

It all begins today. Confirm your polling place at https://t.co/EcbUdXjMe2 and go vote. Let’s do this — together.",4848,"Wilmington, DE",2020-11-03 14:00:07
3,1323614656158560256,JoeBiden,"Today, vote for a new day in America. https://t.co/WzarlQ8JDI",11315,"Wilmington, DE",2020-11-03 13:15:00
4,1323603835114328064,JoeBiden,"In 2008 and 2012, you placed your trust in me to help lead this country alongside Barack Obama.

Today, I’m asking for your trust once again — this time, in Kamala and me.

We can heal the soul of this nation — I promise we won’t let you down.

https://t.co/eoxT07uII9 https://t.co/VwZkmZ53F4",11705,"Wilmington, DE",2020-11-03 12:32:00
5,1323592258617188352,JoeBiden,"It all comes down to this.

Go vote: https://t.co/eoxT07uII9 https://t.co/0Sj7qlj5Bl",8579,"Wilmington, DE",2020-11-03 11:46:00
6,1323581437459734529,JoeBiden,"It’s Election Day. Go vote, America!",73595,"Wilmington, DE",2020-11-03 11:03:00
7,1323520285685899264,JoeBiden,Let's bring this home. https://t.co/tDQ2T0LCbQ,12903,"Wilmington, DE",2020-11-03 07:00:00
8,1323516509491138562,JoeBiden,"I’m running as a proud Democrat, but I will govern as an American president.

I will work with Democrats and Republicans, and I’ll work as hard for those who don’t support me as for those who do.

Because that’s the job of a president.",8759,"Wilmington, DE",2020-11-03 06:45:00
9,1323512734781067265,JoeBiden,"Under President Trump:

- Over 230,000 Americans have died from COVID-19
- 30 million people have lost hours, paychecks, or jobs
- Nearly one in five small businesses have closed

Are you better off than you were four years ago?",6499,"Wilmington, DE",2020-11-03 06:30:00
10,1323508959706292224,JoeBiden,"As president, I will:

– Rebuild our infrastructure
– Combat climate change
– Create millions of good-paying, union jobs

It’s time to build back better –– together. https://t.co/Mb9dvTcuKH",3131,"Wilmington, DE",2020-11-03 06:15:00
11,1323505184841080832,JoeBiden,"If we give Donald Trump another four years in the White House, our planet will never recover.",23156,"Wilmington, DE",2020-11-03 06:00:00
12,1323501409694830592,JoeBiden,"Everybody knows who Donald Trump is.

Let’s show them who we are.

We choose hope over fear. Unity over division. Science over fiction. And truth over lies.",12434,"Wilmington, DE",2020-11-03 05:45:00
13,1323498138536013825,JoeBiden,Los Dreamers son estadounidenses y ya es hora de que sea oficial.,8614,"Wilmington, DE",2020-11-03 05:32:00
14,1323497131517378560,JoeBiden,Dreamers are Americans — and it’s time we make it official.,20137,"Wilmington, DE",2020-11-03 05:28:00
15,1323493860035670022,JoeBiden,"If we give Donald Trump another four years in the White House, he will forever alter the character of our nation.

We can’t let that happen.",8761,"Wilmington, DE",2020-11-03 05:15:00
16,1323491343709036546,JoeBiden,"I believe health care is a right for all.

Donald Trump believes it's a privilege for the few.

It's that simple, folks.",6311,"Wilmington, DE",2020-11-03 05:05:00
17,1323487568487452672,JoeBiden,"Tomorrow, let's send a clear message to Donald Trump: time to pack your bags and go home. https://t.co/3ApUpY9kBV",6946,"Wilmington, DE",2020-11-03 04:50:00
18,1323483793806790657,JoeBiden,"I believe LGBTQ+ rights are human rights — and they are on the ballot tomorrow.

Vote: https://t.co/eoxT07d7QB https://t.co/b5YcKNEpWI",12337,"Wilmington, DE",2020-11-03 04:35:00
0,1323671782969102336,JoeBiden,"Folks, it’s go time.

It’s time to restore the soul of this nation.

It’s time to stand up and take our democracy back.

It’s time to vote. https://t.co/eoxT07uII9",244,"Wilmington, DE",2020-11-03 17:02:00
1,1323662679072862208,JoeBiden,"Today, the American people will choose the next president. Tune in as my campaign manager @jomalleydillon and campaign adviser Bob Bauer give another update on what you can expect as voting continues. https://t.co/P2wFXeuWWI",1362,"Wilmington, DE",2020-11-03 16:25:49
0,1323686386956791808,JoeBiden,"We are in a battle for the soul of the nation.

And you have the ultimate power to determine the outcome: your vote. 

Use it. https://t.co/9rMqqkrmdT",460,"Wilmington, DE",2020-11-03 18:00:02
1,1323680338976010240,JoeBiden,Many states have same-day voter registration. Head to https://t.co/eoxT07uII9 to see if your state allows you to register before voting today and make your voice heard.,1855,"Wilmington, DE",2020-11-03 17:36:00
0,1323694683516788738,JoeBiden,"Before he passed, John Lewis left us with marching orders.

Today, we must carry them out: https://t.co/eoxT07d7QB https://t.co/QmUjLz9TBl",3890,"Wilmington, DE",2020-11-03 18:33:00
0,1323714564219961350,JoeBiden,"Every moment of the last four years comes down to today.

Don’t miss your chance to make your voice heard.

Head to https://t.co/EcbUdXjMe2 to confirm your polling place and go vote before polls close.",1159,"Wilmington, DE",2020-11-03 19:52:00
1,1323706008200376320,JoeBiden,"Let’s make history, @KamalaHarris. https://t.co/JKF6spZZd0",11117,"Wilmington, DE",2020-11-03 19:18:00
2,1323702988381122560,JoeBiden,"Where is your polling location?
When do polls close?
What do you need to bring to the polls?
Where can you drop off your absentee ballot?

Head to https://t.co/eoxT07uII9 to find all the information you need to make your voice heard today.",1751,"Wilmington, DE",2020-11-03 19:06:00
0,1323731677202567169,JoeBiden,"Today is your absolute last chance to vote in this election. If you haven’t voted early, I need you to vote today and stay in line as long as it takes. Our democracy is at stake. Go to https://t.co/EcbUdXjMe2 to find your polling location. https://t.co/igwKdFba98",499,"Wilmington, DE",2020-11-03 21:00:00
1,1323722695297695745,JoeBiden,"This is our moment to choose:

Hope over fear.
Unity over division.
Science over fiction.
Truth over lies.

Vote: https://t.co/eoxT07d7QB",6396,"Wilmington, DE",2020-11-03 20:24:18
2,1323719094290452480,JoeBiden,"Votar es tu derecho. Si tienes alguna pregunta, llama a la línea directa de asistencia al votante al 1-866-296-8686. https://t.co/D5hnXcgEtq",1262,"Wilmington, DE",2020-11-03 20:10:00
0,1323739479069392904,JoeBiden,"Who we are. What we stand for. Who we are going to be.

It's all at stake — and you have the power to determine the outcome.

Vote before polls close: https://t.co/eoxT07d7QB https://t.co/hmv0MGtr5P",2956,"Wilmington, DE",2020-11-03 21:31:00
0,1323761880234553346,JoeBiden,"Folks, time is running out to make your voice heard in this election. If you haven’t voted yet, go to https://t.co/EcbUdX2aPs to find your polling place and head there as soon as you can.",598,"Wilmington, DE",2020-11-03 23:00:01
1,1323753975221522433,JoeBiden,"This is our moment to prove that:

Love is more powerful than hate.
Hope is more powerful than fear.
Light is more powerful than dark.

Vote before polls close: https://t.co/eoxT07d7QB",8095,"Wilmington, DE",2020-11-03 22:28:36
2,1323747783732535300,JoeBiden,"Let's win this thing, Pennsylvania! https://t.co/jmCXbuL5V3",7882,"Wilmington, DE",2020-11-03 22:04:00
0,1323770935728607237,JoeBiden,"As polls begin to close in certain parts of the country, remember to stay in line. 

If you’re in line at your polling place before it closes, you’re able to vote. https://t.co/qUpn30B8mj",7956,"Wilmington, DE",2020-11-03 23:36:00
0,1323788300176388096,JoeBiden,"Stay in line, folks.",24881,"Wilmington, DE",2020-11-04 00:45:00
0,1323867320826109954,JoeBiden,It's not my place or Donald Trump's place to declare the winner of this election. It's the voters' place.,9141,"Wilmington, DE",2020-11-04 05:59:00
1,1323865811031785472,JoeBiden,"Keep the faith, guys. We’re gonna win this.",34253,"Wilmington, DE",2020-11-04 05:53:00
2,1323862422084493312,JoeBiden,"Tune in as I speak to the nation live from Wilmington, Delaware. https://t.co/ye8knRucoz",4746,"Wilmington, DE",2020-11-04 05:39:32
0,1323868327744253952,JoeBiden,We feel good about where we are. We believe we are on track to win this election.,21137,"Wilmington, DE",2020-11-04 06:03:00
0,1324006410745569282,JoeBiden,We won't rest until everyone's vote is counted. Tune in as my campaign manager @jomalleydillon and campaign adviser Bob Bauer give an update on where the race stands. https://t.co/Rwz4iR25B3,5753,"Wilmington, DE",2020-11-04 15:11:41
0,1324057905667149826,JoeBiden,"To make sure every vote is counted, we’re setting up the largest election protection effort ever assembled. Because Donald Trump doesn’t get to decide the outcome of this election — the American people do.

Chip in to power the new Biden Fight Fund: https://t.co/1hCoKB0QfP",10788,"Wilmington, DE",2020-11-04 18:36:19
0,1324066382846320641,JoeBiden,Count every vote.,54199,"Wilmington, DE",2020-11-04 19:10:00
0,1324110423411490816,JoeBiden,"Once this election is finalized and behind us, it will be time for us to do what we've always done as Americans: To put the harsh rhetoric of the campaign behind us.",5040,"Wilmington, DE",2020-11-04 22:05:00
1,1324107906246086656,JoeBiden,"Every vote must be counted. No one is going to take our democracy away from us, not now, not ever.",16973,"Wilmington, DE",2020-11-04 21:55:00
2,1324105390049488896,JoeBiden,"The presidency, itself, is not a partisan institution. It's the one office in the nation that represents everyone and it demands a duty of care for all Americans, and that is precisely what I will do.",11862,"Wilmington, DE",2020-11-04 21:45:00
3,1324103124768882689,JoeBiden,"Power can't be taken or asserted, it flows from the people, and it's their will that determines who will be the President of the United States.",27263,"Wilmington, DE",2020-11-04 21:36:00
4,1324095643116163072,JoeBiden,Tune in as I address the nation on the state of the race. https://t.co/00QtuYAiI7,8310,"Wilmington, DE",2020-11-04 21:06:16
0,1324115456190459911,JoeBiden,"I am confident we will emerge victorious, but this will not be my victory or our victory alone. It will be a victory for the American people, for our democracy, for America.",19632,"Wilmington, DE",2020-11-04 22:25:00
1,1324112939310264322,JoeBiden,"To make progress, we have to stop treating our opponents as enemies. We are not enemies.",20752,"Wilmington, DE",2020-11-04 22:15:00
0,1324136846826364929,JoeBiden,"Keep faith in the process and in each other. Together, we will win this.",15288,"Wilmington, DE",2020-11-04 23:50:00
0,1324158992877154310,JoeBiden,"Today, the Trump Administration officially left the Paris Climate Agreement. And in exactly 77 days, a Biden Administration will rejoin it. https://t.co/L8UJimS6v2",33049,"Wilmington, DE",2020-11-05 01:18:00
0,1324179628932562944,JoeBiden,"I’m confident that we will emerge victorious.

But this will not be my victory alone.

It will be a victory for the American people. https://t.co/ZqJBVsQuQf",5490,"Wilmington, DE",2020-11-05 02:40:00
1,1324172079025934336,JoeBiden,"It’s clear that when the count is finished, we believe we will be the winners. https://t.co/qVk0igZlrF",11997,"Wilmington, DE",2020-11-05 02:10:00
0,1324187178688196609,JoeBiden,"Donald Trump does not decide the outcome of this election and nor do I. The American people decide. That’s why we’ve launched the Biden Fight Fund — to ensure every vote is counted.

Chip in to help fund our election protection efforts across the country: https://t.co/ps6VhGy0m5",5618,"Wilmington, DE",2020-11-05 03:10:00
0,1324341948568621056,JoeBiden,Every vote must be counted. https://t.co/kWLGRfeePK,6189,"Wilmington, DE",2020-11-05 13:25:00
0,1324384344962592769,JoeBiden,"As votes continue to be counted across the country, tune in as my campaign manager @jomalleydillon and campaign adviser Bob Bauer give an update on where things stand. https://t.co/sKReFhHU5j",3184,"Wilmington, DE",2020-11-05 16:13:28
0,1324406121721786369,JoeBiden,"Be patient, folks. Votes are being counted, and we feel good about where we are.",19080,"Wilmington, DE",2020-11-05 17:40:00
0,1324430028860493826,JoeBiden,"Let me be clear: I campaigned as a proud Democrat, but I will govern as an American president. https://t.co/Mv5hHI2Rb3",11925,"Wilmington, DE",2020-11-05 19:15:00
0,1324445128434438145,JoeBiden,We’re fighting to ensure every last vote is counted across the country — and we need your help to do it. Chip in to the Biden Fight Fund to fuel our election protection efforts: https://t.co/VsuxvtqAFa,3791,"Wilmington, DE",2020-11-05 20:15:00
0,1324469173297303552,JoeBiden,I spent the afternoon attending briefings on the ongoing COVID-19 crisis and the state of the economy. Tune in as I provide an update on these briefings and efforts to count every vote. https://t.co/duoDWfzf5C,2572,"Wilmington, DE",2020-11-05 21:50:33
1,1324467777470558208,JoeBiden,"I ask people to stay calm. 
The process is working. 
The count is being completed.",11029,"Wilmington, DE",2020-11-05 21:45:00
2,1324465078243151885,JoeBiden,"Democracy is sometimes messy, so sometimes it requires a little patience. 

But that patience has been rewarded now for more than 240 years with a system of governance that has been the envy of the world.",7853,"Wilmington, DE",2020-11-05 21:34:16
0,1324490426649317376,JoeBiden,"The people will not be silenced, be bullied, or surrender.

Every vote must be counted.",23113,"Wilmington, DE",2020-11-05 23:15:00
0,1324511817658441728,JoeBiden,"No one is going to take our democracy away from us. Not now, not ever.

America has come too far, fought too many battles, and endured too much to let that happen.",21309,"Wilmington, DE",2020-11-06 00:40:00
0,1324531952230289408,JoeBiden,"Donald Trump is going to court to stop votes from being counted. We have assembled the largest election protection effort in history to fight back and need your help.

Chip in to make sure every vote is counted: https://t.co/ksrwxu9nDE",1448,"Wilmington, DE",2020-11-06 02:00:00
1,1324521884394921985,JoeBiden,"Keep the faith, folks.",21163,"Wilmington, DE",2020-11-06 01:20:00
0,1324925795991609348,JoeBiden,We have to remember the purpose of our politics isn’t totally unrelenting warfare.,5,"Wilmington, DE",2020-11-07 04:05:00
1,1324925040660393987,JoeBiden,"I know tensions can be high after a tough election like we just had.

But we need to remain calm. Patient. And let the process work out as we count all the votes.",2238,"Wilmington, DE",2020-11-07 04:02:00
2,1324924538749026306,JoeBiden,"We are going to be the first Democrats to win Arizona in 24 years.

We are going to be the first Democrats to win Georgia in 28 years.

And we re-built the Blue Wall in the middle of the country that crumbled just four years ago.",3550,"Wilmington, DE",2020-11-07 04:00:00
3,1324924285631176704,JoeBiden,"What is becoming clearer each hour is that record numbers of Americans — from all races, faiths, regions — chose change over more of the same. 

They have given us a mandate for action on COVID and the economy and climate change and systemic racism.",3544,"Wilmington, DE",2020-11-07 03:59:00
4,1324923025138049027,JoeBiden,The numbers tell us a clear and convincing story: We're going to win this race.,11256,"Wilmington, DE",2020-11-07 03:53:59
5,1324921258845204480,JoeBiden,Tune in as I address the nation on the current state of the race. https://t.co/w0er4issEk,5009,"Wilmington, DE",2020-11-07 03:46:58
0,1324926298762870785,JoeBiden,"We may be opponents — but we are not enemies. 

We are Americans.",15389,"Wilmington, DE",2020-11-07 04:07:00
0,1325118992785223682,JoeBiden,"America, I’m honored that you have chosen me to lead our great country.

The work ahead of us will be hard, but I promise you this: I will be a President for all Americans — whether you voted for me or not.

I will keep the faith that you have placed in me. https://t.co/moA9qhmjn8",593074,"Wilmington, DE",2020-11-07 16:52:42
0,1325259242631274496,JoeBiden,"A nation united.

A nation strengthened.

A nation healed.

The United States of America.",7003,"Wilmington, DE",2020-11-08 02:10:00
1,1325258739318927361,JoeBiden,"With full hearts and steady hands, with faith in America and in each other, with a love of country — and a thirst for justice — let us be the nation that we know we can be.",5730,"Wilmington, DE",2020-11-08 02:08:00
2,1325257984562192385,JoeBiden,"Tonight, the whole world is watching America. I believe at our best America is a beacon for the globe.

And we lead not by the example of our power, but by the power of our example.",6446,"Wilmington, DE",2020-11-08 02:05:00
3,1325257229625421825,JoeBiden,"Especially for those moments when this campaign was at its lowest — the African American community stood up again for me. They always have my back, and I’ll have yours.",7125,"Wilmington, DE",2020-11-08 02:02:00
4,1325256474415800322,JoeBiden,"I believe that this is part of the mandate from the American people. They want us to cooperate.

That’s the choice I’ll make. And I call on the Congress — Democrats and Republicans alike — to make that choice with me.",2971,"Wilmington, DE",2020-11-08 01:59:00
5,1325255719336243200,JoeBiden,"Now that the campaign is over—what is the people’s will? What is our mandate?

I believe it is this: Americans have called on us to marshal the forces of decency and the forces of fairness. To marshal the forces of science and the forces of hope in the great battles of our time.",4796,"Wilmington, DE",2020-11-08 01:56:00
6,1325254964415881216,JoeBiden,"We cannot repair the economy, restore our vitality, or relish life’s most precious moments — hugging a grandchild, birthdays, weddings, graduations, all the moments that matter most to us — until we get this virus under control.",4855,"Wilmington, DE",2020-11-08 01:53:00
7,1325254461049073664,JoeBiden,"The Bible tells us that to everything there is a season — a time to build, a time to reap, a time to sow. And a time to heal.

This is the time to heal in America.",10563,"Wilmington, DE",2020-11-08 01:51:00
8,1325254209613123584,JoeBiden,"It’s time to put away the harsh rhetoric.

To lower the temperature.

To see each other again.

To listen to each other again.",6488,"Wilmington, DE",2020-11-08 01:50:00
9,1325253706061926401,JoeBiden,"To all those who volunteered, worked the polls in the middle of this pandemic, local election officials — you deserve a special thanks from this nation.",3826,"Wilmington, DE",2020-11-08 01:48:00
10,1325253454571270144,JoeBiden,"For America’s educators, this is a great day: You’re going to have one of your own in the White House, and Jill is going to make a great First Lady.",18961,"Wilmington, DE",2020-11-08 01:47:00
11,1325253203022241792,JoeBiden,"I pledge to be a President who seeks not to divide, but to unify.

Who doesn’t see Red and Blue states, but a United States.

And who will work with all my heart to win the confidence of the whole people.",9668,"Wilmington, DE",2020-11-08 01:46:00
12,1325252951124762625,JoeBiden,"Folks, the people of this nation have spoken.

They have delivered us a clear victory. A convincing victory.

A victory for “We the People.”",7425,"Wilmington, DE",2020-11-08 01:45:00
13,1325247969780621317,JoeBiden,A new day in America has come. Tune in as Vice President-Elect @KamalaHarris and I address the nation. https://t.co/d38F58DHu8,12320,"Wilmington, DE",2020-11-08 01:25:12
0,1325261759456874499,JoeBiden,From the bottom of my heart: thank you. https://t.co/s76oHFkr66,27921,"Wilmington, DE",2020-11-08 02:20:00
0,1325842292444291072,JoeBiden,I spent the morning with the co-chairs of my COVID-19 Council discussing the status of this pandemic and how we move forward. Tune in as I provide an update on how we're going to beat this virus. https://t.co/VVGHZNnUFY,4536,"Wilmington, DE",2020-11-09 16:46:50
0,1325873288711712769,JoeBiden,"My COVID-19 Transition Advisory Board will advise on detailed plans built on a bedrock of science, and that keep compassion, empathy, and care for every American at its core.",3925,"Wilmington, DE",2020-11-09 18:50:00
1,1325870017401905152,JoeBiden,"Today, I have named a COVID-19 Transition Advisory Board, comprised of distinguished public health experts, to help our transition team translate the Biden-Harris COVID-19 plan into a blueprint we can put into place as soon as @KamalaHarris and I are sworn into office.",9871,"Wilmington, DE",2020-11-09 18:37:00
0,1325890910635384839,JoeBiden,"I won't be president until January 20th, but my message today to everyone is this: wear a mask.",14207,"Wilmington, DE",2020-11-09 20:00:01
1,1325885871875190784,JoeBiden,The bottom line: I will spare no effort to turn this pandemic around.,6851,"Wilmington, DE",2020-11-09 19:40:00
2,1325880083618426881,JoeBiden,"The challenge before us right now is still immense and growing, and so is the need for bold action to fight this pandemic.",5428,"Wilmington, DE",2020-11-09 19:17:00
0,1325906004912037895,JoeBiden,"Let's get to work, @KamalaHarris. https://t.co/uYe2EsmaFa",3416,"Wilmington, DE",2020-11-09 21:00:00
0,1326214285949865986,JoeBiden,".@KamalaHarris and I aren’t wasting any time. We’re ready to get COVID-19 under control so that we can reopen our businesses and schools safely, resume our lives, and put this pandemic behind us. https://t.co/65C1XfR9rR",6559,"Wilmington, DE",2020-11-10 17:25:00
0,1326245116462260224,JoeBiden,"Today, the Trump Administration is in court, attempting to eliminate the Affordable Care Act. Tune in as I discuss how my administration will expand access to quality, affordable health care. https://t.co/JB5uwBTKnd",4085,"Wilmington, DE",2020-11-10 19:27:30
0,1326266378991542272,JoeBiden,"Beginning on January 20th, Vice President-elect Harris and I are going to do everything in our power to ease the burden of health care on you and your families.",5958,"Wilmington, DE",2020-11-10 20:52:00
0,1326284750420643846,JoeBiden,"Come January, we will work quickly with Congress to dramatically ramp up health care protections, get America to universal coverage, and lower health care costs.",2249,"Wilmington, DE",2020-11-10 22:05:00
1,1326272198659645440,JoeBiden,Tune in as my campaign provides a post-election legal briefing. https://t.co/vApRDU8lTR,2530,"Wilmington, DE",2020-11-10 21:15:07
0,1326306141056364544,JoeBiden,"When I’m speaking to foreign leaders, I’m telling them: America is going to be back. We’re going to be back in the game.",11092,"Wilmington, DE",2020-11-10 23:30:00
0,1326325015290273792,JoeBiden,"If you’re sick, if you’re struggling, if you’re worried about how you’re going to get through the day — we will not abandon you.

We will not leave you to face these challenges alone. https://t.co/eZUHaFE5bl",3721,"Wilmington, DE",2020-11-11 00:45:00
0,1326344141446373376,JoeBiden,We are going to build a health care system that puts you and your family first — and that every American can be proud of.,2461,"Wilmington, DE",2020-11-11 02:01:00
0,1326557341697839106,JoeBiden,"Today, we honor the service of those who have worn the uniform of the Armed Forces of the United States. 

To our proud veterans—I will be a commander in chief who respects your sacrifice, understands your service, and will never betray the values you fought so bravely to defend.",3159,"Wilmington, DE",2020-11-11 16:08:11
0,1326638331204038656,JoeBiden,"This Veterans Day, I feel the full weight of the honor and the responsibility that has been entrusted to me by the American people as the next president, and I vow to honor our country’s sacred obligation. https://t.co/BuynOGvSO0",5699,"Wilmington, DE",2020-11-11 21:30:00
0,1326696150364286976,JoeBiden,"Ron Klain’s deep, varied experience and capacity to work with people all across the political spectrum is precisely what I need in a White House chief of staff as we confront this moment of crisis and bring our country together again. https://t.co/s4XlAgMrxf",5886,"Wilmington, DE",2020-11-12 01:19:45
0,1326955421320450049,JoeBiden,"Because of the Affordable Care Act:

- People with pre-existing conditions are protected
- More than 20 million Americans gained coverage
- Nearly 12 million seniors have had their prescription drug costs reduced

Now more than ever, we have to protect and build on it. https://t.co/Vl5yliyUFm",3240,"Wilmington, DE",2020-11-12 18:30:00
0,1326968002839908353,JoeBiden,"I extend my deep condolences to the loved ones of the peacekeepers, including 6 American service members, who died on Tiran Island, and wish a speedy recovery to the surviving American. I join all Americans in honoring their sacrifice, as I keep their loved ones in my prayers.",8379,"Wilmington, DE",2020-11-12 19:20:00
0,1327356814552305664,JoeBiden,"Today marks five years since the horrific ISIS terrorist attacks in Paris — an assault not just on the people of France but against our common humanity.

As president, I will work to protect Americans and our allies, countering terrorism and extremist violence in all forms.",1458,"Wilmington, DE",2020-11-13 21:05:00
0,1327394562906542080,JoeBiden,"As the remnants of Tropical Storm Eta continue to impact the east coast, I encourage everyone in its path to heed the warnings of emergency responders and local officials. Jill and I send our prayers to those facing yet another storm.",4279,"Wilmington, DE",2020-11-13 23:35:00
0,1327418361001676800,JoeBiden,"I am the president-elect, but will not be president until next year. COVID-19 does not respect dates on the calendar, it is accelerating right now. Urgent action is needed today, now, by the current administration.",1489,"Wilmington, DE",2020-11-14 01:09:34
1,1327418359848300545,JoeBiden,"I am alarmed by the surge in reported COVID-19 infections, hospitalizations, and fatalities. This crisis demands a robust and immediate federal response which has been woefully lacking.",2013,"Wilmington, DE",2020-11-14 01:09:33
0,1327649998092214273,JoeBiden,"To the millions of Hindus, Jains, Sikhs, and Buddhists celebrating the Festival of Lights, @DrBiden and I send our best wishes for a #HappyDiwali. May your new year be filled with hope, happiness, and prosperity. Sal Mubarak.",8425,"Wilmington, DE",2020-11-14 16:30:00
0,1328133691529375751,JoeBiden,"Congratulations to NASA and SpaceX on today's launch. It’s a testament to the power of science and what we can accomplish by harnessing our innovation, ingenuity, and determination. I join all Americans and the people of Japan in wishing the astronauts Godspeed on their journey.",9497,"Wilmington, DE",2020-11-16 00:32:02
0,1328338891544387585,JoeBiden,"Once again, I congratulate the brilliant women and men who produced this breakthrough and have brought us one step closer to beating this virus. I am also thankful for the frontline workers who are still confronting the virus around the clock.",728,"Wilmington, DE",2020-11-16 14:07:25
1,1328338687910928386,JoeBiden,"Today's news of a second vaccine is further reason to feel hopeful. What was true with the first vaccine remains true with the second: we are still months away. Until then, Americans need to continue to practice social-distancing and mask-wearing to get the virus under control.",2561,"Wilmington, DE",2020-11-16 14:06:37
0,1328425157229113344,JoeBiden,Tune in as I deliver remarks on our economic recovery and how my administration plans to build back better in the long term. https://t.co/JOoK9xBRm1,1386,"Wilmington, DE",2020-11-16 19:50:13
0,1328474177007972354,JoeBiden,"Americans want us to cooperate. They want us to deliver results. That’s the choice Kamala and I will make. That's why I am pleased that today we were able to bring together business and labor leaders to make that choice with us.

We’re all Americans. Let’s get to work together.",855,"Wilmington, DE",2020-11-16 23:05:00
1,1328467885279375361,JoeBiden,"When we build back better, we will do so with higher wages — including a $15 minimum wage — better benefits and stronger collective bargaining rights that you can raise a family on.

That’s how we will build back the middle class better than ever.",3004,"Wilmington, DE",2020-11-16 22:40:00
2,1328461593848397827,JoeBiden,"Right now, Congress should come together and pass a COVID relief package like the HEROES Act that the House passed six months ago. Once we shut down the virus and deliver economic relief to workers and businesses, then we can build back better than ever before.",8204,"Wilmington, DE",2020-11-16 22:15:00
0,1328790008963227649,JoeBiden,I’m keeping in my prayers all of our friends and neighbors in Hurricane Iota’s path and those impacted by Hurricane Eta across Central America. The increasing frequency of these powerful storms is another reason that fighting climate change will be one of my top priorities.,1699,"Wilmington, DE",2020-11-17 20:00:00
0,1328837822950752259,JoeBiden,"Today, @KamalaHarris and I met with some of our country's most experienced national security experts to discuss the challenges facing our nation, our institutions, and the world. We're ready to tackle the challenges our administration will inherit on day one. https://t.co/J6DLvnwgM4",176,"Wilmington, DE",2020-11-17 23:10:00
0,1329130715439525889,JoeBiden,The health care workers on the frontlines of this pandemic are true heroes. Tune in as we thank them for their work and discuss how a Biden-Harris administration will support them. https://t.co/RpBLnot7Be,1688,"Wilmington, DE",2020-11-18 18:33:51
0,1329206502414958593,JoeBiden,"The workers on the frontlines of this pandemic are making extraordinary sacrifices every single day. They deserve leaders who will listen and work as hard for them as they are for their communities. As president, that’s exactly what I’ll do. https://t.co/wDu0p3sUQ2",3047,"Wilmington, DE",2020-11-18 23:35:00
0,1329225376581652480,JoeBiden,It’s not enough to praise our essential workers — we have to protect and pay them.,7153,"Wilmington, DE",2020-11-19 00:50:00
0,1329531656894484480,JoeBiden,"Throughout the pandemic, our nation’s governors have stepped up to meet the moment. @KamalaHarris and I just met with the @NatlGovsAssoc to discuss how we’ll work together to combat COVID-19. Tune in. https://t.co/YiTjkIStbU",569,"Wilmington, DE",2020-11-19 21:07:03
0,1329567883467259904,JoeBiden,"This afternoon, @KamalaHarris and I met with a bipartisan group of governors from the @NatlGovsAssoc’s Executive Committee. We might be Democrats and Republicans, but we’re Americans first — and together, we’re going to beat COVID-19. https://t.co/pEkHtf4l4d",2330,"Wilmington, DE",2020-11-19 23:31:00
0,1329586757709414408,JoeBiden,Wearing a mask isn't a political statement — it's a patriotic duty.,10937,"Wilmington, DE",2020-11-20 00:46:00
0,1329616705061068807,JoeBiden,"To the families and friends of those we've lost due to COVID-19 — Jill and I send our love and prayers.

We know how tough it is to find purpose in the memory of the loved one you lost. It will take time — but you will find it, and we will find our purpose as a nation. https://t.co/paD7CcG8ns",2038,"Wilmington, DE",2020-11-20 02:45:00
0,1329803817362198529,JoeBiden,Tune in as my campaign adviser Bob Bauer provides a post-election legal briefing. https://t.co/exoW4NprD3,635,"Wilmington, DE",2020-11-20 15:08:31
0,1329815610180710401,JoeBiden,"To transgender and gender-nonconforming people across America and around the world: from the moment I am sworn in as president, know that my administration will see you, listen to you, and fight for not only your safety but also the dignity and justice you have been denied.",2000,"Wilmington, DE",2020-11-20 15:55:22
1,1329815608469368832,JoeBiden,"At least 37 transgender and gender-nonconforming people have been killed this year, most of them Black and Brown transgender women. It’s intolerable. This Transgender Day of Remembrance, we honor their lives—and recommit to the work that remains to end this epidemic of violence.",5293,"Wilmington, DE",2020-11-20 15:55:22
0,1329842428816236551,JoeBiden,Tune in as my team provides an update on the Trump Administration’s efforts to delay ascertainment and how we are moving forward to ensure a smooth transition of power. https://t.co/In0kywJf3a,1667,"Wilmington, DE",2020-11-20 17:41:56
0,1329878933043515392,JoeBiden,"Here's the deal: Because President Trump refuses to concede and is delaying the transition, we have to fund it ourselves and need your help.

If you're able, chip in to help fund the Biden-Harris transition. https://t.co/apJMrdpoSS",964,"Wilmington, DE",2020-11-20 20:07:00
0,1329939582633250819,JoeBiden,"This afternoon, @KamalaHarris and I met with @SpeakerPelosi and @SenSchumer to discuss how we’ll get this virus under control, deliver much-needed relief, and build back better than before. 

We’re getting right to work for the American people. https://t.co/jbeNpsimdj",2332,"Wilmington, DE",2020-11-21 00:08:00
0,1330194266375720965,JoeBiden,Anyone who wants a COVID-19 test should be able to get one. Period.,2609,"Wilmington, DE",2020-11-21 17:00:01
0,1330881290753757184,JoeBiden,"I pledge to be a president who seeks not to divide, but to unify.

Who doesn’t see red and blue states, but a United States.

And who will work with all my heart to win the confidence of the whole people.",5558,"Wilmington, DE",2020-11-23 14:30:00
0,1330967606585593857,JoeBiden,"Today, I’m announcing the first members of my national security and foreign policy team. They will rally the world to take on our challenges like no other—challenges that no one nation can face alone.

It’s time to restore American leadership. I trust this group to do just that. https://t.co/uKE5JG45Ts",5940,"Wilmington, DE",2020-11-23 20:13:00
0,1331071296235507713,JoeBiden,https://t.co/6aIgLN2bMk,1806,"Wilmington, DE",2020-11-24 03:05:01
1,1331066759735091203,JoeBiden,"Vice President-elect @KamalaHarris and I spent the afternoon meeting with a bipartisan group of mayors. It was just the start of what I know will be a strong partnership in the months and years ahead. Together, we’re going to beat COVID-19 and build back better. https://t.co/2oiKD7gxAi",1653,"Wilmington, DE",2020-11-24 02:47:00
0,1331256258603732993,JoeBiden,"The election is over.

It’s time to put aside the partisanship and the rhetoric designed to demonize one another.

We have to come together.",11212,"Wilmington, DE",2020-11-24 15:20:00
0,1331296970321793024,JoeBiden,We have no time to lose when it comes to our national security and foreign policy — I need a team that’s ready on day one. Tune in as I introduce key members of that team for the first time. https://t.co/eYC4hDwV05,1195,"Wilmington, DE",2020-11-24 18:01:46
0,1331307848647761925,JoeBiden,America is back.,14076,"Wilmington, DE",2020-11-24 18:45:00
0,1331316908289875972,JoeBiden,"Despite overt political pressure from the president, over the last 24 hours, MI, PA, and NV certified their results and the GSA began the transition. Still, President Trump has not conceded.

Here’s the latest from my Senior Advisor and former White House Counsel Bob Bauer. https://t.co/BvZEwI1hoH",3259,"Wilmington, DE",2020-11-24 19:21:00
0,1331342325981741056,JoeBiden,"This team is ready to lead the world, not retreat from it.

Ready to confront our adversaries, not reject our allies.

And ready to stand up for our values. https://t.co/DC0K6cJmpo",1098,"Wilmington, DE",2020-11-24 21:02:00
0,1331364473064493056,JoeBiden,Let’s begin the work to heal and unite America and the world.,4962,"Wilmington, DE",2020-11-24 22:30:00
0,1331383597685755904,JoeBiden,"I’ve long said that America leads not by the example of our power, but by the power of our example.

I am proud to put forward this incredible team that will lead by example. https://t.co/mz9twkgcil",2569,"Wilmington, DE",2020-11-24 23:46:00
0,1331398445341532161,JoeBiden,"While this team has unmatched experience and accomplishments, they also reflect the idea that we cannot meet the challenges we face with old thinking or unchanged habits. https://t.co/o9NWy59drg",1334,"Wilmington, DE",2020-11-25 00:45:00
0,1331419836325515264,JoeBiden,"I believe America is strongest when we work with our allies.

It's how we keep this country safe, counter terrorism and extremism, control this pandemic, deal with the climate crisis, and so much more.",759,"Wilmington, DE",2020-11-25 02:10:00
0,1331631229414772738,JoeBiden,The challenge before us right now is immense — we need bold action to fight this pandemic. That’s why @KamalaHarris and I are getting right to work preparing to get this virus under control.,1198,"Wilmington, DE",2020-11-25 16:10:00
0,1331661306819174408,JoeBiden,"Today, on the International Day for the Elimination of Violence Against Women, I reaffirm my commitment to ending this epidemic. A Biden-Harris administration will take bold action here at home and rejoin global efforts to confront gender-based violence in all its forms.",250,"Wilmington, DE",2020-11-25 18:09:31
1,1331661304512253954,JoeBiden,"The COVID-19 pandemic has made matters worse, creating a “shadow pandemic” for many women and girls who are largely confined to their home with their abuser and facing economic insecurity that makes escape more difficult.",209,"Wilmington, DE",2020-11-25 18:09:30
2,1331661301509222401,JoeBiden,"As many as 1 in 3 women is the victim of gender-based violence at some point in her life, and that rate is even higher for women of color, lesbian and bisexual women, transgender individuals, and other members of vulnerable or underserved communities.",604,"Wilmington, DE",2020-11-25 18:09:30
0,1331687232185372672,JoeBiden,Tune in as I deliver a Thanksgiving address on the shared sacrifices Americans are making this holiday season and how we'll get through this crisis together. https://t.co/1v8vx05N9K,1474,"Wilmington, DE",2020-11-25 19:52:32
0,1331716793149304845,JoeBiden,We need to remember: We’re at war with a virus — not with each other.,5867,"Wilmington, DE",2020-11-25 21:50:00
0,1331744978859552774,JoeBiden,For those who have lost loved ones — I know this time of year is especially difficult. I will be thinking and praying for each and every one of you at your Thanksgiving table. https://t.co/xlvaCrA1ZT,3201,"Wilmington, DE",2020-11-25 23:42:00
0,1331761084873789440,JoeBiden,"Don’t let yourself surrender to the fatigue.

America is not going to lose the war against this virus. 

We’ll get our lives back. Life is going to return to normal. I promise.",3708,"Wilmington, DE",2020-11-26 00:46:00
0,1331778449338462208,JoeBiden,This Thanksgiving — and in anticipation of all the Thanksgivings to come — let us dream again. Let us commit ourselves to thinking not only of ourselves but of others. https://t.co/FujMmmykUP,1246,"Wilmington, DE",2020-11-26 01:55:00
0,1331962915033903108,JoeBiden,"Thanksgiving has always been a special time for the Biden family. And while I know this isn’t the way many of us hoped to spend the holiday, the small act of staying home is a gift to our fellow Americans. https://t.co/4mHOEFIcjV",1261,"Wilmington, DE",2020-11-26 14:08:00
0,1332064584740392960,JoeBiden,Jill and I were honored today to talk to some of the heroes on the front lines of this crisis. We’re thankful today and every day for the nurses and firefighters who sacrifice so much to keep our communities safe. We see the very best of America in your courage and selflessness. https://t.co/5vrIXnZncz,1224,"Wilmington, DE",2020-11-26 20:52:00
0,1332152665107689475,JoeBiden,Millions of front line workers — like the firefighters and nurses I called today — worked away from their families on Thanksgiving. Our nation is grateful to all of you. https://t.co/VhHePAEzvx,2347,"Wilmington, DE",2020-11-27 02:42:00
0,1332356759994970113,JoeBiden,"This Native American Heritage Day, we give thanks to our Indigenous communities and their ancestors. As we celebrate their rich heritage and contributions, let’s commit to writing a new future together — one built on a strong partnership and filled with opportunity for all.",5798,"Wilmington, DE",2020-11-27 16:13:00
0,1332407091953364996,JoeBiden,"This is the moment where we need to steel our spines, redouble our efforts, and recommit ourselves to the fight against COVID-19.

Let’s remember: We are all in this together. https://t.co/eliNEe7XCL",1835,"Wilmington, DE",2020-11-27 19:33:00
0,1332460695015870470,JoeBiden,"This is our moment — ours together — to write a newer, bolder, more compassionate chapter in the life of our nation.",1227,"Wilmington, DE",2020-11-27 23:06:00
0,1332493158882496512,JoeBiden,"Each of us has a responsibility in our own lives to do what we can to slow the virus.

Every decision we make matters. Every decision we make can save a life. https://t.co/Rm0bYqh6eH",1101,"Wilmington, DE",2020-11-28 01:15:00
0,1332730472351240192,JoeBiden,"Small businesses are the backbone of communities across the country — and amid the pandemic, they need our help more than ever. Today, and every day, support your neighbors and strengthen your community by shopping small. #SmallBusinessSaturday https://t.co/MG9fwMi2sQ",923,"Wilmington, DE",2020-11-28 16:58:00
0,1332783824716009472,JoeBiden,"I’ve always believed we can define America in one word: Possibilities.

We’re going to build an America where everyone has the opportunity to go as far as their dreams and God-given ability will take them.",2524,"Wilmington, DE",2020-11-28 20:30:00
0,1332855798272147457,JoeBiden,We have to come together as a nation and unite around our shared goal: defeating this virus.,1676,"Wilmington, DE",2020-11-29 01:16:00
0,1333088833806630913,JoeBiden,Let me be clear: Wearing a mask is not about making your life less comfortable or taking something away. It’s to give something back to all of us — a normal life.,8440,"Wilmington, DE",2020-11-29 16:42:00
0,1333198053499490304,JoeBiden,"It’s time to put away the harsh rhetoric, lower the temperature, and listen to each other again.

To make progress, we must stop treating our opponents as our enemy. 

We are not enemies. We are Americans.",3791,"Wilmington, DE",2020-11-29 23:56:00
0,1333466572913041408,JoeBiden,"We have no time to lose to address the economic crisis we face and build our economy back better.

This team will be ready on Day One to pull every lever of government to help those hardest hit by COVID-19 and right the structural inequalities in our economy. https://t.co/cQ2MqV0mIW",919,"Wilmington, DE",2020-11-30 17:43:00
0,1333570507699085313,JoeBiden,My administration won’t just build back to the way things were before — we’re going to build back better. We’re going to ensure every single American has a fair shot to get ahead.,336,"Wilmington, DE",2020-12-01 00:36:00
0,1333586614065369089,JoeBiden,"Jill and I send our best wishes to everyone celebrating the Hmong New Year. Things look a little different this year, but we hope your festivities are safe and joyous as you mark the possibilities of new beginnings. Nyob Zoo Xyoo Tshiab!",1513,"Wilmington, DE",2020-12-01 01:40:00
0,1333602971582664704,JoeBiden,.@TTDAFLCIO President Larry Willis was a relentless champion for working families. Jill and I are keeping his loved ones in our prayers. https://t.co/n3XfhV1EDE,336,"Wilmington, DE",2020-12-01 02:45:00
0,1333833357004664832,JoeBiden,We need to deliver immediate relief for the American people and build our economy back better than ever. Tune in as I introduce key members of my economic team for the first time. https://t.co/6NNZaaWfA8,1282,"Wilmington, DE",2020-12-01 18:00:28
0,1333856391841386498,JoeBiden,My message to everyone struggling right now is this: Help is on the way.,6988,"Wilmington, DE",2020-12-01 19:32:00
0,1333879041074417664,JoeBiden,50 days until we make history and can call @KamalaHarris Madam Vice President. https://t.co/bozdb0szND,1713,"Wilmington, DE",2020-12-01 21:02:00
0,1333915027821240323,JoeBiden,"This World AIDS Day, Jill and I join with communities around the globe to remember those we've lost. Because of the hard work of advocates, activists, and frontline workers, an AIDS-free generation is within reach — and my administration will work tirelessly to make it a reality.",1923,"Wilmington, DE",2020-12-01 23:25:00
0,1333960074650218496,JoeBiden,"Today, I was proud to announce key nominations and appointments for critical economic positions in the Biden-Harris administration.

A first-rate team that will get us through the economic crisis and help build our economy back better than before. https://t.co/eSUV6ibiZ1",1066,"Wilmington, DE",2020-12-02 02:24:00
0,1334156871393968134,JoeBiden,"From the most unequal economic and jobs crisis in modern history, we can build a new American economy that works for everyone.

But we need to act now — and we have to work together.",2391,"Wilmington, DE",2020-12-02 15:26:00
0,1334213746013708293,JoeBiden,"Congratulations to the newest United States Senator @SenMarkKelly. I know he’ll serve the people of Arizona well, and I look forward to working together to build this country back better.",3331,"Wilmington, DE",2020-12-02 19:12:00
0,1334234952058068993,JoeBiden,We’re facing the worst economic crisis since the Great Depression — and Americans need immediate relief. Tune in for a discussion with workers and small business owners on how we move forward. https://t.co/mq5uLaJnAB,1110,"Wilmington, DE",2020-12-02 20:36:16
0,1334269865947893760,JoeBiden,"Let us begin the work to heal, unite, and rebuild an economy for all Americans. https://t.co/mEurf9Obdf",808,"Wilmington, DE",2020-12-02 22:55:00
0,1334305098453815298,JoeBiden,With this team — and others who we'll add in the weeks ahead — we'll create a recovery for all and get this economy moving again. https://t.co/zLvqWIwh6R,663,"Wilmington, DE",2020-12-03 01:15:00
0,1334530332167729154,JoeBiden,"Yesterday, I spent the afternoon hearing from workers and small business owners on the economic impact COVID-19 has had on their lives. Americans are hurting — it’s why as president, I’ll work to provide immediate relief and get our economy back on track. https://t.co/Cyw0DhJCpP",778,"Wilmington, DE",2020-12-03 16:10:00
0,1334573366410264577,JoeBiden,"Once a vaccine is ready and approved, @KamalaHarris and I are going to ensure it’s distributed equitably, efficiently, and free of charge to every American.",2064,"Wilmington, DE",2020-12-03 19:01:00
0,1334647856645500929,JoeBiden,"On this International Day of People with Disabilities and every day of the Biden-Harris administration, we'll be fully committed to dignity, equity, and civil rights for all people with disabilities. They'll always have a voice and be at the table for the critical work ahead.",2341,"Wilmington, DE",2020-12-03 23:57:00
0,1334673525655830528,JoeBiden,It’s time we reward hard work in America — not just wealth.,3096,"Wilmington, DE",2020-12-04 01:39:00
0,1334860256585928710,JoeBiden,"Georgia — Our work isn’t over yet.

Register to vote by December 7th, and let’s flip the Senate: https://t.co/eoxT07d7QB https://t.co/zVooYCc615",1186,"Wilmington, DE",2020-12-04 14:01:00
0,1334917885978882050,JoeBiden,"As soon as Dr. Fauci declares we have a safe vaccine, I’ll take it. https://t.co/A3peYhhOvR",1502,"Wilmington, DE",2020-12-04 17:50:00
0,1334966707769798659,JoeBiden,"I nominated @neeratanden to lead OMB because she's a brilliant policy mind with experience across government. She will help us control the virus, deal with the economic crisis, and build back better. And above all she believes what I believe: a budget should reflect our values. https://t.co/lDmnvaDwx4",417,"Wilmington, DE",2020-12-04 21:04:00
1,1334955427579084800,JoeBiden,Tune in as I deliver remarks on the final jobs report of 2020 and the state of our economy. https://t.co/JEvoHosVGv,990,"Wilmington, DE",2020-12-04 20:19:10
0,1334990866860019712,JoeBiden,"To everyone who is struggling, I promise you help is on the way. https://t.co/uDcagQAJd2",1095,"Wilmington, DE",2020-12-04 22:40:00
0,1335014774472663043,JoeBiden,"On the day I’m inaugurated, I’ll call on the public to wear a mask for 100 days.

Let’s keep our fellow Americans safe and save lives. https://t.co/HrMbxNgXrw",1331,"Wilmington, DE",2020-12-05 00:15:00
0,1335033648639213569,JoeBiden,"With less than 50 days until Inauguration Day, now is the perfect time to stock up on gear to celebrate. Head to https://t.co/j1ZK7kQnaE to find everything you need.",162,"Wilmington, DE",2020-12-05 01:30:00
0,1335234975411499008,JoeBiden,"Our country is in the middle of a dramatic spike in COVID-19 cases. Please wear a mask, keep social distancing, and limit the size of any groups. It’s our patriotic duty as Americans.",3035,"Wilmington, DE",2020-12-05 14:50:00
0,1335291598666563584,JoeBiden,"If Congress and President Trump fail to act by the end of December:

- 12 million Americans will lose unemployment benefits
- Emergency paid leave will end
- The moratorium on evictions will expire 

The situation is urgent. Americans need help and they need it now.",3270,"Wilmington, DE",2020-12-05 18:35:00
0,1335346208106291206,JoeBiden,"My dad used to say, “Joey, I don’t expect the government to solve my problems. But I expect it to understand my problems.”

Folks out there aren’t looking for a handout — they just need help. They’re in trouble through no fault of their own, and they need us to understand. https://t.co/V0OCfFXVKT",651,"Wilmington, DE",2020-12-05 22:12:00
0,1335392513364922370,JoeBiden,"I know times are tough, the challenges are daunting, but I know we can do this.

We can create an economic recovery for all. We can move from crisis to recovery to resurgence.

This is the United States of America. We’ve done it before — and we will do it again.",1759,"Wilmington, DE",2020-12-06 01:16:00
0,1335619257376247811,JoeBiden,"With COVID-19 cases rising across the nation, we need to ramp up our production of personal protective equipment. We have to ensure our brave health care workers have everything they need to safely battle this virus.",612,"Wilmington, DE",2020-12-06 16:17:00
0,1335690479351042057,JoeBiden,"The dreams of too many Americans have been deferred for too long. 

We must make the promise of this nation real for everybody — no matter their race, identity, ethnicity, or faith.",916,"Wilmington, DE",2020-12-06 21:00:00
0,1335758425284874240,JoeBiden,I promise you this: I will spare no effort — or commitment — to end this pandemic.,1198,"Wilmington, DE",2020-12-07 01:30:00
